run_index	project_name	project_id
001	002_250304_A01295_0495_AHVHHMDRX5_MYE	project-Gz492Yj450jgx5P8bX1bxX6j
002	002_250304_A01295_0496_BHVGVKDRX5_MYE	project-Gz493684qqV2xq96jqKpyQq3
003	002_250314_A01303_0529_BHVK2YDRX5_MYE	project-GzBfqpQ43XF0GjyG73xyY2BF
004	002_250314_A01303_0530_AHVJJNDRX5_MYE	project-GzBfv9Q4GvKy0b5JzkyB80f1
005	002_250324_A01295_0507_BHW2J2DRX5_MYE	project-GzVJfqj412yvjBVgKB451PBb
006	002_250324_A01295_0508_AHVKV3DRX5_MYE	project-GzVJfyj45Xj9pv9X9Q7j38F1
007	002_250331_A01303_0536_BHW2H3DRX5_MYE	project-Gzf10Y84p98q8Py2gvBVYXp4
008	002_250402_A01295_0513_AHW23NDRX5_MYE	project-Gzgq17j4JYbVZVpjpPYYbFGG
009	002_250409_A01303_0540_AHVY5MDRX5_MYE	project-GzvKQbQ44gx9j0Kz88KJp1XF
010	002_250414_A01295_0520_AHWFY3DRX5_MYE	project-Gzz84YQ4yg1gPB1Gzx8z3b7Y
011	002_250425_A01295_0524_BHWFGJDRX5_MYE	project-J06Fjz04k66ZQb3PkX6kK03J
012	002_250502_A01303_0549_AHYH2LDRX5_MYE	project-J0F42X84gGX8q53gYp6VYGpV
013	002_250502_A01303_0550_BHYHMCDRX5_MYE	project-J0F44GQ4K3BQg1yb71bbqKBY
014	002_250512_A01295_0532_AHWG3YDRX5_MYE	project-J0VfzgQ4x5BFF7v6zKk6G8FY
015	002_250516_A01303_0553_AHWFKFDRX5_MYE	project-J0ZBpXj4GZyx9ZbKb5BqXfF7
016	002_250523_A01303_0557_AHYFMWDRX5_MYE	project-J0jx2g845B13FG0fyqKPkXqq
017	002_250528_A01303_0561_AHYJ5YDRX5_MYE	project-J0v7VfQ49XvvPQxFfJYV7bgk
018	002_250610_A01303_0567_BH3CK7DRX7_MYE	project-J14g9X84bVp0Jp421pxvqxv9
019	002_250610_A01303_0568_AHYFT7DRX5_MYE	project-J14gK904zqKbbVzPPX95fb5K
020	002_250611_A01295_0544_BH3CKYDRX7_MYE	project-J15Kg2j4fkFXkBYBJ39Qqvj8
021	002_250619_A01295_0549_AH3W33DRX7_MYE	project-J1BbBP04GBKZ7zv9f2ZqB0p6
022	002_250625_A01303_0576_AH3WTYDRX7_MYE	project-J1KVFyj4GG83f4gkgpg0332p
023	002_250627_A01295_0554_AH37NFDRX7_MYE	project-J1Q0kp84Q5bQpf5p6x320ZQY
024	002_250703_A01303_0582_AH3CMNDRX7_MYE	project-J1Z05084JVpffyXK7FJjzk2X
025	002_250707_A01303_0584_AH3WHKDRX7_MYE	project-J1fQ8v04x0J1vxYvFzgqg21k
026	002_250710_A01303_0586_AH3VNWDRX7_MYE	project-J1jYPvj41gZf76qZZV0KFY73
027	002_250714_A01295_0564_AH3WGMDRX7_MYE	project-J1q85P840XfPBgKGV8yq5Kb2
028	002_250717_A01303_0591_AH3WLKDRX7_MYE	project-J1xBgpj4qY3z8g2yvFff2Z0k
029	002_250723_A01295_0569_BH3WTVDRX7_MYE	project-J216fZ043b2f5x9Y9bq4y7pG
030	002_250730_A01303_0600_AH3VCHDRX7_MYE	project-J25f57j4fJ7FQj39KqY1KKFf
031	002_250811_A01303_0606_AH5TCNDRX7_MYE	project-J2Jfb384YQp1Z8qKgX8Kbx2V
032	002_250812_A01303_0607_BH5YHLDRX7_MYE	project-J2K96q04B6ZX0Xfk10VZgGVF
033	002_250826_A01303_0614_AH5W7VDRX7_MYE	project-J2gX9YQ4vv4k7kxXb7p423xf
034	002_250826_A01303_0615_BH5CFWDRX7_MYE	project-J2gXBb04gb06Zz67xFQXj01G
035	002_250901_A01295_0585_BH5VJ5DRX7_MYE	project-J2qY07j4Z17vxPG4vZ6q07PJ
036	002_250904_A01303_0619_AH5TWJDRX7_MYE	project-J2xKYFQ4JzV9YXp0FvvjFq1x
037	002_250908_A01295_0589_AH5TJVDRX7_MYE	project-J306gZ047Fy6pQXk3vx1yYvK
038	002_250911_A01303_0624_AH5VH2DRX7_MYE	project-J31yy3Q4Vz5jKPP5k8f30b85
039	002_250915_A01303_0627_BHCFCGDRX7_MYE	project-J34k5VQ4b8pfFkJ4PP1g47k0
040	002_250922_A01303_0630_BH75L3DRX7_MYE	project-J39GkzQ4K7y43FGv3yvbvQQq
041	002_250922_A01303_0631_AHCCNTDRX7_MYE	project-J39GkQQ4bxgxzy2Byy5b8F83
042	002_250926_A01303_0634_AHCCNGDRX7_MYE	project-J3Fy59Q4FzPYkZ3p0PGpy07F
043	002_251001_A01303_0637_AHF2FFDRX7_MYE	project-J3Pz5Q04J7XfpQXFFJV3GFfP
044	002_251008_A01303_0638_AHF2FHDRX7_MYE	project-J3Yy3xQ4Y4Zz979p4K5gf44z
045	002_251010_A01295_0611_AHF252DRX7_MYE	project-J3fKXyj4pFYPjXXg8jz4JZfz
046	002_251017_A01303_0645_BHF3NFDRX7_MYE	project-J3kqQfQ49yB9Qz46VQ6pGzqb
047	002_251023_A01295_0617_AHCY3NDRX7_MYE	project-J3xqYZj4XPpFPPzY4PXbBQ95
048	002_251027_A01295_0618_AHFFN5DRX7_MYE	project-J40Qg6Q4q1px35gf6PVBQ3J7
049	002_251103_A01303_0656_AHF7NNDRX7_MYE	project-J4503XQ48fX4kpxg635jzFYP
050	002_251107_A01303_0658_BHFF53DRX7_MYE	project-J47gfKQ43Q1G1Kpx2ZKpJyVj
051	002_251114_A01295_0631_AHFVNCDRX7_MYE	project-J4GGvVQ4Y6gV2Xj6byzVqKVv
052	002_251114_A01295_0632_BHGCWKDRX7_MYE	project-J4GGy0842v44GVQbZbGpvj79
053	002_251121_A01295_0638_BHFWLTDRX7_MYE	project-J4V0y18454QjYbJjzY09XxQp
054	002_251128_A01295_0639_BHFWVKDRX7_MYE	project-J4bYQ5Q49kk55jJ1yVPKQfbx
055	002_251128_A01295_0640_AHFWLKDRX7_MYE	project-J4bYQX84P56VPB5XfvJVkp34
056	002_251201_A01303_0671_BHGMMVDRX7_MYE	project-J4gXxq04BjKF9kJX70K75jQP
057	002_251208_A01295_0648_BHFWL5DRX7_MYE	project-J4v5Z604Y2vYpkj2gBBV4Y6P
058	002_251211_A01295_0651_AHGL2NDRX7_MYE	project-J4y5JGQ490610f4yXpkgjg84
059	002_251211_A01303_0676_AHHCY2DRX7_MYE	project-J4z78k04KgYQvqXG86fqP52G
060	002_251218_A01303_0680_BHHKH5DRX7_MYE	project-J52kBfj4ybYBf55qPxJGg141
061	002_251222_A01303_0681_BHH7LKDRX7_MYE	project-J55GXYj4XG8v2g6xyVq8kj9B
062	002_251224_A01295_0659_AHGKNYDRX7_MYE	project-J56jX9042GXXqvb4pV0bPV6x
063	002_251229_A01295_0661_BHH7TTDRX7_MYE	project-J5B4y604XB7QXG5p8Zp6zkJ1
064	002_251231_A01295_0664_AHHFTYDRX7_MYE	project-J5FBqy04FzBvYPvZ76GKq9jz
065	002_260107_A01295_0667_AHHMYLDRX7_MYE	project-J5PvK0j411gK8QxFP5vy0QXf
066	002_260108_A01295_0670_AHHMKCDRX7_MYE	project-J5QZfzQ4pgf02v77VJ6q3XG0
067	002_260114_A01303_0688_AHHMLNDRX7_MYE	project-J5Zb5z8403V64g70qbj7g4F8
068	002_260119_A01303_0691_BHHMKHDRX7_MYE	project-J5gqj1Q4J6b72VF15z84Kpbq
069	002_260120_A01295_0677_BHHLLHDRX7_MYE	project-J5jX5QQ4JPBQKzQ4pf5pkFBj
070	002_260123_A01295_0681_BHJF5HDRX7_MYE	project-J5pPg7j4F5pPZvy1ZqjfJFVK
071	002_260130_A01295_0684_BHHKLWDRX7_MYE	project-J5z4F5041y6XPJbB1GJV1KZ0
072	002_260203_A01295_0687_AHHFNLDRX7_MYE	project-J61kbbQ4FpZFqv4Z8pvYgfXb
073	002_260205_A01295_0689_AHHG5NDRX7_MYE	project-J634V0044kVZ0y6VgVQXp8FJ
074	002_260207_A01295_0691_AHJCWJDRX7_MYE	project-J648308470QPq8j2ByyJJxk1
075	002_260212_A01303_0707_AHJK7YDRX7_MYE	project-J67fYp841y03y9380j5P95xX
076	002_260212_A01303_0708_BHHFHVDRX7_MYE	project-J67fbX04b10FjB3jG0kBVqxv
077	002_260221_A01303_0713_BHHKCFDRX7_MYE	project-J6JPJ104z9q52Y77gy9pBKzp
078	002_260221_A01303_0714_AHHKMKDRX7_MYE	project-J6JPJ1842vKk0BJx34F6JXxV
079	002_260228_A01303_0719_AHJMNMDRX7_MYE	project-J6X4zqQ4x3Qk758k719pv8Kx
080	002_260228_A01303_0720_BHJMCGDRX7_MYE	project-J6X50GQ40yKvGvZx209zPvX1
081	002_260310_A01303_0727_AHJYWKDRX7_MYE	project-J6jqJ4Q43JPVvBj18j6kYb37
082	002_260311_A01303_0730_BHKJ25DRX7_MYE	project-J6kXFB84xzJxfJpQ0PqbKgYx
083	002_260313_A01303_0731_BHKJM3DRX7_MYE	project-J6pqBQQ4J8KP05jX49qyx4Jz
084	002_260313_A01303_0732_AHKHVMDRX7_MYE	project-J6pq9yj4kBvkqKf7J5jjfP6y
085	002_260323_A01295_0728_AHKKLLDRX7_MYE	project-J71KY604BVgg2xj0j3kK3JQJ
086	002_260323_A01295_0729_BHKLTFDRX7_MYE	project-J71Kfp843g11fZyXVpByx17p
087	002_260325_A01295_0731_BHKL2MDRX7_MYE	project-J72ZZFj4FPz20kPxxq2kZy4y
088	002_260327_A01303_0743_AHKKMMDRX7_MYE	project-J73yyXQ45bx08j3Bp1P233b8
089	002_260327_A01303_0744_BHKLCNDRX7_MYE	project-J73z0gj4Ypf4JyQ3ZG2P971F
090	002_260407_A01295_0741_AHL75GDRX7_MYE	project-J7FvZY848g2k1Xfk2z71jZB1
091	002_260409_A01295_0744_AHLCVNDRX7_MYE	project-J7GXfk84b5Q0GBZGvZzFB32g
092	002_260409_A01295_0745_BHL5L2DRX7_MYE	project-J7GXqQ04ZJzX6QgzpgjyqB82
093	002_260413_A01295_0747_BHL5CJDRX7_MYE	project-J7P7JK847B1Y12jfjpV6KbX1
094	002_260414_A01303_0755_BHLC53DRX7_MYE	project-J7Pz23j4VJP3q2f29ZKQpZBf
095	002_260417_A01295_0751_AHLJ7LDRX7_MYE	project-J7Y3Vg04KvpVvXz8bP013GVY
096	002_260417_A01295_0752_BHLHWKDRX7_MYE	project-J7Y2Gvj4k5BG3VQ9p5K20VB1
097	002_260423_A01303_0759_BHLNNCDRX7_MYE	project-J7bpG5j4ZkB2fzyJV73y8yQp
098	002_260423_A01303_0760_AHLTLCDRX7_MYE	project-J7bpGqQ4P0VG49y74g9v7F9P
099	002_260430_A01303_0764_AHF5HYDMX2_MYE	project-J7pfX484qK6ZY53pQXvKkBJV
100	002_260501_A01295_0761_BHFFK5DMX2_MYE	project-J7qFZYj48k0Gy2x8x38XFZFG
